<Ui>

	<!-- template for titlebar buttons -->
	<Button name="TinyPadButtonTemplate" virtual="true">
		<Size x="20" y="20"/>
		<HighlightTexture file="Interface\AddOns\TinyPad\Buttons" alphaMode="ADD">
			<TexCoords left=".125" right=".25" top=".25" bottom=".375"/>
		</HighlightTexture>
		<Scripts>
			<OnEnter>
				TinyPad.ShowTooltip(self)
			</OnEnter>
			<OnLeave>
				GameTooltip:Hide()
			</OnLeave>
		</Scripts>
	</Button>

	<!-- template for bookmark buttons -->

	<Button name="TinyPadBookmarkTemplate" virtual="true">
		<Size x="144" y="18"/>
		<Layers>
			<Layer level="BACKGROUND">
				<Texture parentKey="back" setAllPoints="true">
					<Anchors>
						<Anchor point="TOPLEFT" x="0" y="0"/>
						<Anchor point="BOTTOMRIGHT" x="0" y="0"/>
					</Anchors>
					<Color r=".25" g=".25" b=".25"/>
				</Texture>
			</Layer>
			<Layer level="ARTWORK">
				<FontString parentKey="name" inherits="GameFontHighlightLeft">
					<Size x="132" y="20"/>
					<Anchors>
						<Anchor point="LEFT" x="4" y="0"/>
					</Anchors>
				</FontString>
				<Texture parentKey="mark" file="Interface\AddOns\TinyPad\Buttons">
					<Size x="16" y="16"/>
					<Anchors>
						<Anchor point="RIGHT" x="2" y="0"/>
					</Anchors>
					<TexCoords left=".9" right=".975" top=".4" bottom=".475"/>
				</Texture>
			</Layer>
		</Layers>
		<HighlightTexture file="Interface\Buttons\BlueGrad64" alpha=".25" alphaMode="ADD"/>
		<PushedTexture file="Interface\Buttons\BlueGrad64" alpha=".25" alphaMode="ADD"/>
		<Scripts>
			<OnEnter>
				TinyPad.ShowBookmarkTooltip(self)
			</OnEnter>
			<OnLeave>
				GameTooltip:Hide()
			</OnLeave>
			<OnClick>
				TinyPad.BookmarkOnClick(self)
			</OnClick>
		</Scripts>
	</Button>

	<Frame name="TinyPad" parent="UIParent" clampedToScreen="true" enableMouse="true" movable="true" resizable="true" toplevel="true" hidden="true">
		<Size x="300" y="200"/>
		<Anchors>
			<Anchor point="CENTER"/>
		</Anchors>
		<Backdrop bgFile="Interface\DialogFrame\UI-DialogBox-Background" edgeFile="Interface\Tooltips\UI-Tooltip-Border" tile="true">
			<BackgroundInsets>
				<AbsInset left="4" right="4" top="4" bottom="4" />
			</BackgroundInsets>
			<TileSize val="16" />
			<EdgeSize val="16" />
		</Backdrop>
		<Layers>
			<Layer level="ARTWORK">
				<!-- page number in titlebar -->
				<FontString parentKey="pageNumber" inherits="GameFontHighlightSmall" text="1850">
					<Anchors>
						<Anchor point="CENTER" relativePoint="TOPLEFT" x="145" y="-16"/>
					</Anchors>
				</FontString>
			</Layer>
		</Layers>
		<Frames>
			<!-- this frame-within-a-frame is the primary area that contains the scrollframe/editbox -->
			<Frame>
				<Anchors>
					<Anchor point="TOPLEFT">
						<Offset x="6" y="-24"/>
					</Anchor>
					<Anchor point="BOTTOMRIGHT">
						<Offset x="-6" y="6"/>
					</Anchor>
				</Anchors>
				<Backdrop bgFile="Interface\ChatFrame\ChatFrameBackground" edgeFile="Interface\Tooltips\UI-Tooltip-Border" tile="true">
					<BackgroundInsets>
						<AbsInset left="4" right="4" top="4" bottom="4" />
					</BackgroundInsets>
					<TileSize val="16"/>
					<EdgeSize val="16"/>
					<Color r=".1" g=".1" b=".1"/>
					<BorderColor r=".5" g=".5" b=".5"/>
				</Backdrop>
				<Frames>
					<ScrollFrame name="TinyPadScrollFrame" inherits="UIPanelScrollFrameTemplate">
						<Anchors>
							<Anchor point="TOPLEFT">
								<Offset x="6" y="-6"/>
							</Anchor>
							<Anchor point="BOTTOMRIGHT">
								<Offset x="-28" y="6"/>
							</Anchor>
						</Anchors>
						<Layers>
							<Layer level="BORDER">
								<!-- gradient for scrollbar track -->
								<Texture file="Interface\ChatFrame\ChatFrameBackground">
									<Anchors>
										<Anchor point="TOPLEFT" relativePoint="TOPRIGHT">
											<Offset x="0" y="0"/>
										</Anchor>
										<Anchor point="BOTTOMRIGHT" relativePoint="BOTTOMRIGHT">
											<Offset x="23" y="0"/>
										</Anchor>
									</Anchors>
									<Gradient>
										<MinColor r="0.1" g="0.1" b="0.1"/>
										<MaxColor r="0" g="0" b="0"/>
									</Gradient>
								</Texture>
							</Layer>
						</Layers>
						<ScrollChild>
							<!-- the main editbox where the magic happens -->
							<EditBox parentKey="editBox" name="TinyPadEditBox" multiLine="true" maxLines="9" letters="8192" nonspacewrap="true" spacing="1" autoFocus="false">
								<Size x="100" y="100"/>
								<Anchors>
									<Anchor point="TOPLEFT"/>
									<Anchor point="BOTTOMRIGHT"/>
								</Anchors>
								<Scripts>
									<OnTextChanged>
										TinyPad.OnTextChanged(self)
									</OnTextChanged>
									<OnEscapePressed>
										self:ClearFocus()
									</OnEscapePressed>
									<OnHyperlinkClick>
										TinyPad.OnHyperlinkClick(self,link,text,button)
									</OnHyperlinkClick>
									<OnCursorChanged>
										TinyPad.OnCursorChanged(self,x,y,w,h)
									</OnCursorChanged>
								</Scripts>
								<FontString inherits="GameFontHighlight"/>
							</EditBox>
						</ScrollChild>
					</ScrollFrame>
				</Frames>
			</Frame>

			<!-- this button covers the scrollframe to intercept clicks to grab focus -->
			<Button>
				<Anchors>
					<Anchor point="TOPLEFT" relativeTo="TinyPadScrollFrame"/>
					<Anchor point="BOTTOMRIGHT" relativeTo="TinyPadScrollFrame"/>
				</Anchors>
				<Scripts>
					<OnClick>
						TinyPadEditBox:SetCursorPosition(TinyPadEditBox:GetText():len())
						TinyPadEditBox:SetFocus()
					</OnClick>
				</Scripts>
			</Button>

			<!-- grip in lower-right corner to resize window -->
			<Button parentKey="resize">
				<Size x="16" y="16"/>
				<Anchors>
					<Anchor point="BOTTOMRIGHT">
						<Offset x="0" y="-1"/>
					</Anchor>
				</Anchors>
				<NormalTexture file="Interface\AddOns\TinyPad\Buttons">
					<TexCoords left="0" right=".125" top=".25" bottom=".375"/>
				</NormalTexture>
				<PushedTexture file="Interface\AddOns\TinyPad\Buttons" alphaMode="ADD">
					<TexCoords left="0" right=".125" top=".25" bottom=".375"/>
				</PushedTexture>
				<HighlightTexture file="Interface\AddOns\TinyPad\Buttons" alphaMode="ADD">
					<TexCoords left="0" right=".125" top=".25" bottom=".375"/>
				</HighlightTexture>
				<Scripts>
					<OnMouseDown>
						TinyPad:StartSizing()
					</OnMouseDown>
					<OnMouseUp>
						TinyPad:StopMovingOrSizing()
					</OnMouseUp>
				</Scripts>
			</Button>

			<!-- titlebar buttons -->

			<!-- close -->
			<Button parentKey="close" inherits="TinyPadButtonTemplate">
				<Anchors>
					<Anchor point="TOPRIGHT" x="-8" y="-5"/>
				</Anchors>
				<NormalTexture file="Interface\AddOns\TinyPad\Buttons">
					<TexCoords left=".25" right=".375" top=".125" bottom=".25"/>
				</NormalTexture>
				<PushedTexture file="Interface\AddOns\TinyPad\Buttons">
					<TexCoords left=".375" right=".5" top=".125" bottom=".25"/>
				</PushedTexture>
			</Button>
			<!-- bookmarks -->
			<Button parentKey="bookmark" inherits="TinyPadButtonTemplate">
				<Anchors>
					<Anchor point="TOPRIGHT" x="-29" y="-5"/>
				</Anchors>
				<NormalTexture file="Interface\AddOns\TinyPad\Buttons">
					<TexCoords left="0" right=".125" top=".5" bottom=".625"/>
				</NormalTexture>
				<PushedTexture file="Interface\AddOns\TinyPad\Buttons">
					<TexCoords left=".125" right=".25" top=".5" bottom=".625"/>
				</PushedTexture>
			</Button>
			<!-- search -->
			<Button parentKey="config" inherits="TinyPadButtonTemplate">
				<Anchors>
					<Anchor point="TOPRIGHT" x="-50" y="-5"/>
				</Anchors>
				<NormalTexture file="Interface\AddOns\TinyPad\Buttons">
					<TexCoords left=".75" right=".875" top=".0" bottom=".125"/>
				</NormalTexture>
				<PushedTexture file="Interface\AddOns\TinyPad\Buttons">
					<TexCoords left=".875" right="1" top=".0" bottom=".125"/>
				</PushedTexture>
			</Button>
			
			<!-- new -->
			<Button parentKey="new" inherits="TinyPadButtonTemplate">
				<Anchors>
					<Anchor point="TOPLEFT" x="8" y="-5"/>
				</Anchors>
				<NormalTexture file="Interface\AddOns\TinyPad\Buttons">
					<TexCoords left="0" right=".125" top="0" bottom=".125"/>
				</NormalTexture>
				<PushedTexture file="Interface\AddOns\TinyPad\Buttons">
					<TexCoords left=".125" right=".25" top="0" bottom=".125"/>
				</PushedTexture>
			</Button>
			<!-- delete -->
			<Button parentKey="delete" inherits="TinyPadButtonTemplate">
				<Anchors>
					<Anchor point="TOPLEFT" x="29" y="-5"/>
				</Anchors>
				<NormalTexture file="Interface\AddOns\TinyPad\Buttons">
					<TexCoords left=".25" right=".375" top="0" bottom=".125"/>
				</NormalTexture>
				<PushedTexture file="Interface\AddOns\TinyPad\Buttons">
					<TexCoords left=".375" right=".5" top="0" bottom=".125"/>
				</PushedTexture>
			</Button>
			<!-- run -->
			<Button parentKey="run" inherits="TinyPadButtonTemplate">
				<Anchors>
					<Anchor point="TOPLEFT" x="50" y="-5"/>
				</Anchors>
				<NormalTexture file="Interface\AddOns\TinyPad\Buttons">
					<TexCoords left="0" right=".125" top=".125" bottom=".25"/>
				</NormalTexture>
				<PushedTexture file="Interface\AddOns\TinyPad\Buttons">
					<TexCoords left=".125" right=".25" top=".125" bottom=".25"/>
				</PushedTexture>
			</Button>
			<!-- undo -->
			<Button parentKey="undo" inherits="TinyPadButtonTemplate">
				<Anchors>
					<Anchor point="TOPLEFT" x="71" y="-5"/>
				</Anchors>
				<NormalTexture file="Interface\AddOns\TinyPad\Buttons">
					<TexCoords left=".5" right=".625" top=".375" bottom=".5"/>
				</NormalTexture>
				<PushedTexture file="Interface\AddOns\TinyPad\Buttons">
					<TexCoords left=".625" right=".75" top=".375" bottom=".5"/>
				</PushedTexture>
				<DisabledTexture file="Interface\AddOns\TinyPad\Buttons">
					<TexCoords left=".75" right=".875" top=".375" bottom=".5"/>
				</DisabledTexture>
			</Button>

			<!-- first page -->
			<Button parentKey="first" inherits="TinyPadButtonTemplate">
				<Size x="12" y="20"/>
				<Anchors>
					<Anchor point="TOPLEFT" x="95" y="-5"/>
				</Anchors>
				<NormalTexture file="Interface\AddOns\TinyPad\Buttons">
					<TexCoords left=".25" right=".375" top=".375" bottom=".5"/>
				</NormalTexture>
				<PushedTexture file="Interface\AddOns\TinyPad\Buttons">
					<TexCoords left=".375" right=".5" top=".375" bottom=".5"/>
				</PushedTexture>
				<DisabledTexture file="Interface\AddOns\TinyPad\Buttons">
					<TexCoords left=".25" right=".375" top=".625" bottom=".75"/>
				</DisabledTexture>
			</Button>
			<!-- previous page -->
			<Button parentKey="previous" inherits="TinyPadButtonTemplate">
				<Anchors>
					<Anchor point="TOPLEFT" x="108" y="-5"/>
				</Anchors>
				<NormalTexture file="Interface\AddOns\TinyPad\Buttons">
					<TexCoords left="0" right=".125" top=".375" bottom=".5"/>
				</NormalTexture>
				<PushedTexture file="Interface\AddOns\TinyPad\Buttons">
					<TexCoords left=".125" right=".25" top=".375" bottom=".5"/>
				</PushedTexture>
				<DisabledTexture file="Interface\AddOns\TinyPad\Buttons">
					<TexCoords left=".75" right=".875" top=".25" bottom=".375"/>
				</DisabledTexture>
			</Button>
			<!-- next page -->
			<Button parentKey="next" inherits="TinyPadButtonTemplate">
				<Anchors>
					<Anchor point="TOPLEFT" x="162" y="-5"/>
				</Anchors>
				<NormalTexture file="Interface\AddOns\TinyPad\Buttons">
					<TexCoords left=".25" right=".375" top=".25" bottom=".375"/>
				</NormalTexture>
				<PushedTexture file="Interface\AddOns\TinyPad\Buttons">
					<TexCoords left=".375" right=".5" top=".25" bottom=".375"/>
				</PushedTexture>
				<DisabledTexture file="Interface\AddOns\TinyPad\Buttons">
					<TexCoords left=".75" right=".875" top=".125" bottom=".25"/>
				</DisabledTexture>
			</Button>
			<!-- last page -->
			<Button parentKey="last" inherits="TinyPadButtonTemplate">
				<Size x="12" y="20"/>
				<Anchors>
					<Anchor point="TOPLEFT" x="183" y="-5"/>
				</Anchors>
				<NormalTexture file="Interface\AddOns\TinyPad\Buttons">
					<TexCoords left=".25" right=".375" top=".375" bottom=".5"/>
				</NormalTexture>
				<PushedTexture file="Interface\AddOns\TinyPad\Buttons">
					<TexCoords left=".375" right=".5" top=".375" bottom=".5"/>
				</PushedTexture>
				<DisabledTexture file="Interface\AddOns\TinyPad\Buttons">
					<TexCoords left=".25" right=".375" top=".625" bottom=".75"/>
				</DisabledTexture>
			</Button>

			<!-- panel is attached to the top of the TinyPad frame, contains searchbox and a couple options -->
			<Frame parentKey="panel" name="TinyPadPanel" hidden="true">
				<Anchors>
					<Anchor point="TOPLEFT" x="0" y="33"/>
					<Anchor point="BOTTOMRIGHT" relativePoint="TOPRIGHT" x="0" y="-3"/>
				</Anchors>
				<Backdrop bgFile="Interface\ChatFrame\ChatFrameBackground" edgeFile="Interface\Tooltips\UI-Tooltip-Border" tile="true">
					<BackgroundInsets>
						<AbsInset left="4" right="4" top="4" bottom="4" />
					</BackgroundInsets>
					<TileSize val="16" />
					<EdgeSize val="16" />
					<Color r=".3" g=".3" b=".3"/>
				</Backdrop>
				<Layers>
					<Layer level="ARTWORK">
						<FontString parentKey="result" inherits="GameFontHighlightSmall" justifyH="CENTER" justifyV="CENTER" text="Search:">
							<Size x="48" y="30"/>
							<Anchors>
								<Anchor point="LEFT" x="6" y="0"/>
							</Anchors>
						</FontString>
					</Layer>
				</Layers>
				<Frames>

					<!-- search editBox mimic main area -->
					<EditBox parentKey="searchBox" autoFocus="true">
						<Anchors>
							<Anchor point="TOPLEFT" relativePoint="BOTTOMLEFT" x="64" y="29"/>
							<Anchor point="BOTTOMRIGHT" x="-92" y="9"/>
						</Anchors>
						<FontString inherits="GameFontHighlight"/>
						<Layers>
							<Layer level="BACKGROUND">
								<Texture file="Interface\ClassTrainerFrame\UI-ClassTrainer-FilterBorder">
									<Size x="12" y="29"/>
									<Anchors>
										<Anchor point="RIGHT" relativePoint="LEFT" x="2" y="-3"/>
									</Anchors>
									<TexCoords left="0" right="0.09375" top="0" bottom="1.0"/>
								</Texture>
								<Texture file="Interface\ClassTrainerFrame\UI-ClassTrainer-FilterBorder">
									<Size x="12" y="29"/>
									<Anchors>
										<Anchor point="LEFT" relativePoint="RIGHT" x="8" y="-3"/>
									</Anchors>
									<TexCoords left="0.90625" right="1.0" top="0" bottom="1.0"/>
								</Texture>
								<Texture file="Interface\ClassTrainerFrame\UI-ClassTrainer-FilterBorder">
									<Size x="0" y="29"/>
									<Anchors>
										<Anchor point="LEFT" x="2" y="-3"/>
										<Anchor point="RIGHT" x="8" y="-3"/>
									</Anchors>
									<TexCoords left="0.09375" right="0.90625" top="0" bottom="1.0"/>
								</Texture>
							</Layer>
						</Layers>
						<Frames>
							<!-- little clear button at right -->
							<Button parentKey="clear">
								<Size x="17" y="17"/>
								<Anchors>
									<Anchor point="LEFT" relativePoint="RIGHT" x="0" y="0"/>
								</Anchors>
								<Layers>
									<Layer level="ARTWORK">
										<Texture file="Interface\FriendsFrame\ClearBroadcastIcon" alpha="0.5" parentKey="texture">
											<Size>
												<AbsDimension x="17" y="17"/>
											</Size>
											<Anchors>
												<Anchor point="TOPLEFT" x="0" y="0"/>
											</Anchors>
										</Texture>
									</Layer>
								</Layers>
								<Scripts>
									<OnEnter>
										self.texture:SetAlpha(1.0)
									</OnEnter>
									<OnLeave>
										self.texture:SetAlpha(0.5)
									</OnLeave>
									<OnMouseDown>
										if self:IsEnabled() then
											self.texture:SetPoint("TOPLEFT", 1, -1)
										end
									</OnMouseDown>
									<OnMouseUp>
										self.texture:SetPoint("TOPLEFT", 0, 0)
									</OnMouseUp>
									<OnClick>
										PlaySound("igMainMenuOptionCheckBoxOn")
										self:GetParent():SetText("")
									</OnClick>
								</Scripts>
							</Button>
						</Frames>
						<Scripts>
							<OnEscapePressed>
								self:GetParent():Hide()
							</OnEscapePressed>
							<OnTextChanged>
								TinyPad.SearchOnTextChanged(self)
							</OnTextChanged>
							<OnEnterPressed>
								TinyPad.SearchOnEnter(self)
							</OnEnterPressed>
							<OnEditFocusLost>
								self:GetParent():Hide()
							</OnEditFocusLost>
						</Scripts>
					</EditBox>

					<Button parentKey="lock" inherits="TinyPadButtonTemplate">
						<Anchors>
							<Anchor point="RIGHT" x="-8" y="0"/>
						</Anchors>
						<NormalTexture file="Interface\AddOns\TinyPad\Buttons">
							<TexCoords left=".5" right=".625" top=".125" bottom=".25"/>
						</NormalTexture>
						<PushedTexture file="Interface\AddOns\TinyPad\Buttons">
							<TexCoords left=".625" right=".75" top=".125" bottom=".25"/>
						</PushedTexture>
					</Button>
					<Button parentKey="font" inherits="TinyPadButtonTemplate">
						<Anchors>
							<Anchor point="RIGHT" x="-29" y="0"/>
						</Anchors>
						<NormalTexture file="Interface\AddOns\TinyPad\Buttons">
							<TexCoords left=".5" right=".625" top=".25" bottom=".375"/>
						</NormalTexture>
						<PushedTexture file="Interface\AddOns\TinyPad\Buttons">
							<TexCoords left=".625" right=".75" top=".25" bottom=".375"/>
						</PushedTexture>
					</Button>
					<Button parentKey="find" inherits="TinyPadButtonTemplate">
						<Anchors>
							<Anchor point="RIGHT" x="-50" y="0"/>
						</Anchors>
						<NormalTexture file="Interface\AddOns\TinyPad\Buttons">
							<TexCoords left=".5" right=".625" top=".0" bottom=".125"/>
						</NormalTexture>
						<PushedTexture file="Interface\AddOns\TinyPad\Buttons">
							<TexCoords left=".625" right=".75" top=".0" bottom=".125"/>
						</PushedTexture>
						<DisabledTexture file="Interface\AddOns\TinyPad\Buttons">
							<TexCoords left=".875" right="1" top=".125" bottom=".25"/>
						</DisabledTexture>
					</Button>

				</Frames>
				<Scripts>
					<OnMouseDown>
						TinyPad:OnMouseDown()
					</OnMouseDown>
					<OnMouseUp>
						TinyPad:OnMouseUp()
					</OnMouseUp>
				</Scripts>
			</Frame>

			<!-- bookmarks is a menu for adding/removing/choosing bookmarked pages -->
			<Frame name="TinyPadBookmarks" parentKey="bookmarks" enableMouse="true" hidden="true">
				<Size x="155" y="32"/>
				<Anchors>
					<Anchor point="TOP" relativePoint="TOPRIGHT" x="-39" y="-25"/>
				</Anchors>
				<Backdrop bgFile="Interface\ChatFrame\ChatFrameBackground" edgeFile="Interface\Tooltips\UI-Tooltip-Border" tile="true">
					<BackgroundInsets>
						<AbsInset left="4" right="4" top="4" bottom="4" />
					</BackgroundInsets>
					<TileSize val="16"/>
					<EdgeSize val="16"/>
					<Color r=".2" g=".2" b=".2"/>
					<BorderColor r=".75" g=".75" b=".75"/>
				</Backdrop>
				<Frames>

					<Button parentKey="add" hidden="false">
						<Size x="143" y="20"/>
						<Anchors>
							<Anchor point="TOP" x="0" y="-5"/>
						</Anchors>
						<Layers>
							<Layer level="ARTWORK">
								<FontString inherits="GameFontNormalSmall" justifyH="LEFT" text="Добавить в закладки">
									<Anchors>
										<Anchor point="LEFT" x="8" y="0"/>
									</Anchors>
								</FontString>
								<Texture file="Interface\AddOns\TinyPad\Buttons">
									<Size x="20" y="20"/>
									<Anchors>
										<Anchor point="TOPRIGHT" relativeTo="TinyPadBookmarks" x="-6" y="-6"/>
									</Anchors>
									<TexCoords left=".5" right=".625" top=".5" bottom=".625"/>
								</Texture>
							</Layer>
						</Layers>
						<HighlightTexture file="Interface\Buttons\BlueGrad64" alpha=".25" alphaMode="ADD"/>
						<PushedTexture file="Interface\Buttons\BlueGrad64" alpha=".25" alphaMode="ADD"/>
						<Scripts>
							<OnClick>
								self:Hide()
								self:GetParent().prompt:SetText("")
								self:GetParent().prompt:Show()
							</OnClick>
							<OnEnter>
								TinyPad.ShowTooltip(self)
							</OnEnter>
							<OnLeave>
								GameTooltip:Hide()
							</OnLeave>
						</Scripts>
					</Button>

					<Button parentKey="remove" hidden="true">
						<Size x="143" y="20"/>
						<Anchors>
							<Anchor point="TOP" x="0" y="-5"/>
						</Anchors>
						<Layers>
							<Layer level="ARTWORK">
								<FontString inherits="GameFontNormalSmall" justifyH="LEFT" text="Удалить закладку">
									<Anchors>
										<Anchor point="LEFT" x="8" y="0"/>
									</Anchors>
								</FontString>
								<Texture file="Interface\AddOns\TinyPad\Buttons">
									<Size x="20" y="20"/>
									<Anchors>
										<Anchor point="TOPRIGHT" relativeTo="TinyPadBookmarks" x="-6" y="-6"/>
									</Anchors>
									<TexCoords left="0" right=".125" top=".625" bottom=".75"/>
								</Texture>
							</Layer>
						</Layers>
						<HighlightTexture file="Interface\Buttons\BlueGrad64" alpha=".25" alphaMode="ADD"/>
						<PushedTexture file="Interface\Buttons\BlueGrad64" alpha=".25" alphaMode="ADD"/>
						<Scripts>
							<OnClick>
								TinyPad:BookmarkRemove()
							</OnClick>
							<OnEnter>
								TinyPad.ShowTooltip(self)
							</OnEnter>
							<OnLeave>
								GameTooltip:Hide()
							</OnLeave>
						</Scripts>
					</Button>

					<!-- search editBox mimic main area -->
					<EditBox parentKey="prompt" autoFocus="true" hidden="true">
						<Size x="106" y="20"/>
						<Anchors>
							<Anchor point="TOP" x="-11" y="-6"/>
						</Anchors>
						<FontString inherits="GameFontHighlight"/>
						<Layers>
							<Layer level="BACKGROUND">
								<Texture file="Interface\ClassTrainerFrame\UI-ClassTrainer-FilterBorder">
									<Size x="12" y="29"/>
									<Anchors>
										<Anchor point="RIGHT" relativePoint="LEFT" x="2" y="-3"/>
									</Anchors>
									<TexCoords left="0" right="0.09375" top="0" bottom="1.0"/>
								</Texture>
								<Texture file="Interface\ClassTrainerFrame\UI-ClassTrainer-FilterBorder">
									<Size x="12" y="29"/>
									<Anchors>
										<Anchor point="LEFT" relativePoint="RIGHT" x="-2" y="-3"/>
									</Anchors>
									<TexCoords left="0.90625" right="1.0" top="0" bottom="1.0"/>
								</Texture>
								<Texture file="Interface\ClassTrainerFrame\UI-ClassTrainer-FilterBorder">
									<Size x="0" y="29"/>
									<Anchors>
										<Anchor point="LEFT" x="2" y="-3"/>
										<Anchor point="RIGHT" x="-2" y="-3"/>
									</Anchors>
									<TexCoords left="0.09375" right="0.90625" top="0" bottom="1.0"/>
								</Texture>
								<FontString parentKey="label" inherits="GameFontHighlightSmall" text="Введите название">
									<Anchors>
										<Anchor point="CENTER" x="3" y="0"/>
									</Anchors>
									<Color r=".5" g=".5" b=".5"/>
								</FontString>
							</Layer>
						</Layers>
						<Frames>
							<Button parentKey="enter" inherits="TinyPadButtonTemplate">
								<Anchors>
									<Anchor point="TOPRIGHT" relativeTo="TinyPadBookmarks" x="-6" y="-6"/>
								</Anchors>
								<NormalTexture file="Interface\AddOns\TinyPad\Buttons">
									<TexCoords left=".5" right=".625" top=".5" bottom=".625"/>
								</NormalTexture>
								<PushedTexture file="Interface\AddOns\TinyPad\Buttons">
									<TexCoords left=".625" right=".75" top=".5" bottom=".625"/>
								</PushedTexture>
								<DisabledTexture file="Interface\AddOns\TinyPad\Buttons">
									<TexCoords left=".75" right=".875" top=".5" bottom=".625"/>
								</DisabledTexture>
								<Scripts>
									<OnClick>
										TinyPad.BookmarkPromptOnEnter(self:GetParent())
									</OnClick>
								</Scripts>
							</Button>
						</Frames>
						<Scripts>
							<OnEscapePressed>
								self:Hide()
								self:GetParent().add:Show()
							</OnEscapePressed>
							<OnTextChanged>
								TinyPad.BookmarkPromptOnTextChanged(self)
							</OnTextChanged>
							<OnEnterPressed>
								TinyPad.BookmarkPromptOnEnter(self)
							</OnEnterPressed>
						</Scripts>
					</EditBox>

				</Frames>
				<Scripts>
					<OnShow>
						TinyPad:UpdateESCable()
					</OnShow>
					<OnHide>
						TinyPad:UpdateESCable()
					</OnHide>
					<OnUpdate>
						TinyPad.BookmarksOnUpdate(self,elapsed)
					</OnUpdate>
				</Scripts>
			</Frame>

		</Frames>
		<Scripts>
			<OnLoad>
				self:RegisterEvent("PLAYER_LOGIN")
			</OnLoad>
			<OnEvent>
				if self[event] then
					self[event](self,...)
				end
			</OnEvent>
			<OnMouseDown>
				self:OnMouseDown()
			</OnMouseDown>
			<OnMouseUp>
				self:OnMouseUp()
			</OnMouseUp>
			<OnSizeChanged>
				TinyPadEditBox:SetWidth(w-50)
			</OnSizeChanged>
			<OnShow>
				self:OnShow()
			</OnShow>
			<OnHide>
				self:OnHide()
			</OnHide>
		</Scripts>
	</Frame>

</Ui>